-- Povoamento da tabela de ENDEREÇOS

INSERT INTO TB_ENDERECO VALUES ('12345678', 'Rua Quarenta e Oito', '122', 'Espinheiro', TELEFONES_VARRAY('123456789', '987654321', '555555555'));
INSERT INTO TB_ENDERECO VALUES ('12749382', 'Rua das Flores', '512', 'Boa Viagem', TELEFONES_VARRAY('754207534', '258694246', '755470788'));
INSERT INTO TB_ENDERECO VALUES ('59305820', 'Rua da Aurora', '57', 'Santo Amaro', TELEFONES_VARRAY('407959619', '212315837', '345097186'));
INSERT INTO TB_ENDERECO VALUES ('12850285', 'Rua do Sol', '23', 'Recife Antigo', TELEFONES_VARRAY('399878968', '099282403', '785303902'));
INSERT INTO TB_ENDERECO VALUES ('60492049', 'Avenida Boa Viagem', '11', 'Boa Viagem', TELEFONES_VARRAY('936763402', '591308880', '853745982'));
INSERT INTO TB_ENDERECO VALUES ('39568403', 'Rua Amélia', '66', 'Graças', TELEFONES_VARRAY('457545855', '777582630', '222401419'));
INSERT INTO TB_ENDERECO VALUES ('68439049', 'Rua Benfica', '75', 'Madalena', TELEFONES_VARRAY('587999975', '931028020', '704590548'));
INSERT INTO TB_ENDERECO VALUES ('57394592', 'Rua do Brum', '124', 'Recife Antigo', TELEFONES_VARRAY('362785516', '231919931', '181602434'));
INSERT INTO TB_ENDERECO VALUES ('46593920', 'Rua da Harmonia', '314', 'Casa Amarela', TELEFONES_VARRAY('047290293', '048853682', '962478678'));
INSERT INTO TB_ENDERECO VALUES ('84028349', 'Rua das Palmeiras', '245', 'Parnamirim', TELEFONES_VARRAY('390314729', '103133965', '851956102'));
INSERT INTO TB_ENDERECO VALUES ('53235142', 'Rua Sete de Setembro', '21', 'Santo Antônio', TELEFONES_VARRAY('528729093', '758528992', '437077965'));
INSERT INTO TB_ENDERECO VALUES ('74394759', 'Rua Nova Descoberta', '88', 'Nova Descoberta', TELEFONES_VARRAY('826715310', '236423648', '527770952'));
INSERT INTO TB_ENDERECO VALUES ('53233213', 'Rua Dom Bosco', '93', 'Boa Vista', TELEFONES_VARRAY('241084589', '528218969', '665897545'));
INSERT INTO TB_ENDERECO VALUES ('49239291', 'Rua Gervásio Pires', '25', 'Boa Vista', TELEFONES_VARRAY('554300794', '054622895', '479426246'));
INSERT INTO TB_ENDERECO VALUES ('57938329', 'Rua José Bonifácio', '35', 'Torre', TELEFONES_VARRAY('390309122', '605269948', '158207822'));
INSERT INTO TB_ENDERECO VALUES ('87654321', 'Rua Carneiro Vilela', '56', 'Espinheiro', TELEFONES_VARRAY('065581855', '368738182', '953967299'));
INSERT INTO TB_ENDERECO VALUES ('41723940', 'Rua Barão de Souza Leão', '77', 'Imbiribeira', TELEFONES_VARRAY('335416706', '847543972', '083305686'));
INSERT INTO TB_ENDERECO VALUES ('12030412', 'Avenida Conselheiro Rosa e Silva', '1', 'Aflitos', TELEFONES_VARRAY('129683332', '389491984', '205941461'));
INSERT INTO TB_ENDERECO VALUES ('57333330', 'Rua da Moeda', '3', 'Recife Antigo', TELEFONES_VARRAY('178805279', '554067264', '808964693'));
INSERT INTO TB_ENDERECO VALUES ('21453455', 'Rua Real da Torre', '5', 'Madalena', TELEFONES_VARRAY('277614144', '162272141', '011926124'));
INSERT INTO TB_ENDERECO VALUES ('34813308', 'Avenida Dezessete de Agosto', '89', 'Casa Forte', TELEFONES_VARRAY('277614144', '162272141', '011926124'));



-- Povoamento da tabela de FUNCIONÁRIOS
INSERT INTO TB_FUNCIONARIOS (CPF, NOME, DATA_NASC, SEXO, ENDERECO) VALUES 
('12345678901', 'João Antônio', TO_DATE('1985-06-15', 'YYYY-MM-DD'), 'M', REF(SELECT CEP FROM TB_ENDERECO WHERE CEP = '01001-000')),
('98765432100', 'Matheus Ferreira', TO_DATE('1990-12-22', 'YYYY-MM-DD'), 'F', REF(SELECT CEP FROM TB_ENDERECO WHERE CEP = '20271-130')),
('23456789021', 'Iasmin Gomes', TO_DATE('1978-03-09', 'YYYY-MM-DD'), 'F', REF(SELECT CEP FROM TB_ENDERECO WHERE CEP = '30140-130')),
('87654321012', 'Gabril Rocha', TO_DATE('1980-11-20', 'YYYY-MM-DD'), 'M', REF(SELECT CEP FROM TB_ENDERECO WHERE CEP = '40026-010')),
('34567890132', 'Guilherme Lopes', TO_DATE('1995-01-05', 'YYYY-MM-DD'), 'F', REF(SELECT CEP FROM TB_ENDERECO WHERE CEP = '69050-010')),
('76543210983', 'Marcos Gabriel', TO_DATE('1987-07-18', 'YYYY-MM-DD'), 'M', REF(SELECT CEP FROM TB_ENDERECO WHERE CEP = '80010-020')),
('45678901234', 'Juliana Costa', TO_DATE('1992-08-30', 'YYYY-MM-DD'), 'F', REF(SELECT CEP FROM TB_ENDERECO WHERE CEP = '77015-570')),
('65432109876', 'Rodrigo Nunes', TO_DATE('1984-02-14', 'YYYY-MM-DD'), 'M', REF(SELECT CEP FROM TB_ENDERECO WHERE CEP = '64000-000')),
('56789012345', 'Lucas Almeida', TO_DATE('1979-05-24', 'YYYY-MM-DD'), 'M', REF(SELECT CEP FROM TB_ENDERECO WHERE CEP = '57035-180')),
('09876543219', 'Patrícia Fernandes', TO_DATE('1988-09-10', 'YYYY-MM-DD'), 'F', REF(SELECT CEP FROM TB_ENDERECO WHERE CEP = '66015-050'));


-- Povoamento da tabela de TELEFONES
INSERT INTO TB_TELEFONES (CPF_FUNCIONARIO, NUMERO) VALUES
('12345678901', '11991234567'),
('12345678901', '11992345678'),
('98765432109', '11993456789'),
('23456789012', '11994567890'),
('34567890123', '11995678901'),
('76543210987', '11996789012'),
('45678901234', '11997890123'),
('65432109876', '11998901234'),
('56789012345', '11999012345'),
('09876543210', '11999123456'),
('44444444444', '11999234567'),
('44444444444', '11999345678'),
('55555555555', '11999456789'),
('66666666666', '11999567890'),
('77777777777', '11999678901'),
('22222222222', '11999789012'),
('33333333333', '11999890123'),
('12345678900', '11999901234'),
('23456789011', '11999912345'),
('34567890122', '11999923456'),
('45678901233', '11999934567'),
('56789012344', '11999945678'),
('67890123455', '11999956789'),
('78901234566', '11999967890'),
('89012345677', '11999978901'),
('90123456788', '11999989012'),
('01234567899', '11999990123'),
('13579246801', '11999901234'),
('24681357912', '11999812345'),
('35792468023', '11999723456'),
('46813579234', '11999634567');


-- Povoamento da tabela de DIRETORES
INSERT INTO TB_DIRETOR (CPF, NOME, DATA_NASC, SEXO, ENDERECO) VALUES 
('11111111112', 'Valéria Alves', TO_DATE('1975-05-10', 'YYYY-MM-DD'), 'M', REF(SELECT CEP FROM TB_ENDERECO WHERE CEP = '12345-678')),
('22222222221', 'Fernanda Lima', TO_DATE('1980-08-20', 'YYYY-MM-DD'), 'F', REF(SELECT CEP FROM TB_ENDERECO WHERE CEP = '87654-321')),
('33333333330', 'Roberto Costa', TO_DATE('1969-11-30', 'YYYY-MM-DD'), 'M', REF(SELECT CEP FROM TB_ENDERECO WHERE CEP = '13579-246'));


-- Povoamento da tabela de SUPERINTENDENTES
INSERT INTO TB_SUPERINTENDENTE (CPF, NOME, DATA_NASC, SEXO, ENDERECO, DIRETOR) VALUES 
('44444444445', 'Marcos Pereira', TO_DATE('1972-09-05', 'YYYY-MM-DD'), 'M', REF(SELECT CEP FROM TB_ENDERECO WHERE CEP = '12345-678'), REF(SELECT ROWID FROM TB_DIRETOR WHERE CPF = '22222222221')),
('55555555556', 'Juliana Mendes', TO_DATE('1985-01-25', 'YYYY-MM-DD'), 'F', REF(SELECT CEP FROM TB_ENDERECO WHERE CEP = '13579-246'), REF(SELECT ROWID FROM TB_DIRETOR WHERE CPF = '11111111112')),
('66666666667', 'Felipe Gomes', TO_DATE('1992-07-12', 'YYYY-MM-DD'), 'M', REF(SELECT CEP FROM TB_ENDERECO WHERE CEP = '87654-321'), REF(SELECT ROWID FROM TB_DIRETOR WHERE CPF = '33333333330')),
('77777777778', 'Luciana Almeida', TO_DATE('1988-04-15', 'YYYY-MM-DD'), 'F', REF(SELECT CEP FROM TB_ENDERECO WHERE CEP = '12345-678'), REF(SELECT ROWID FROM TB_DIRETOR WHERE CPF = '22222222221')),
('88888888889', 'Ricardo Santos', TO_DATE('1979-10-30', 'YYYY-MM-DD'), 'M', REF(SELECT CEP FROM TB_ENDERECO WHERE CEP = '13579-246'), REF(SELECT ROWID FROM TB_DIRETOR WHERE CPF = '33333333330'));


-- Povoamento da tabela de GUARDA
INSERT INTO TB_GUARDA (CPF, NOME, DATA_NASC, SEXO, ENDERECO) VALUES 
('12345678902', 'Pedro Lima', TO_DATE('1982-11-12', 'YYYY-MM-DD'), 'M', REF(SELECT CEP FROM TB_ENDERECO WHERE CEP = '12345-678')),
('23456789013', 'João Rocha', TO_DATE('1990-06-25', 'YYYY-MM-DD'), 'M', REF(SELECT CEP FROM TB_ENDERECO WHERE CEP = '87654-321')),
('34567890124', 'Sofia Ribeiro', TO_DATE('1985-02-14', 'YYYY-MM-DD'), 'F', REF(SELECT CEP FROM TB_ENDERECO WHERE CEP = '13579-246')),
('45678901235', 'Ricardo Almeida', TO_DATE('1978-07-30', 'YYYY-MM-DD'), 'M', REF(SELECT CEP FROM TB_ENDERECO WHERE CEP = '54321-987')),
('56789012346', 'Mariana Costa', TO_DATE('1995-03-08', 'YYYY-MM-DD'), 'F', REF(SELECT CEP FROM TB_ENDERECO WHERE CEP = '65432-876')),
('67890123457', 'Carlos Fernandes', TO_DATE('1980-12-20', 'YYYY-MM-DD'), 'M', REF(SELECT CEP FROM TB_ENDERECO WHERE CEP = '98765-432')),
('78901234568', 'Julia Santos', TO_DATE('1988-08-15', 'YYYY-MM-DD'), 'F', REF(SELECT CEP FROM TB_ENDERECO WHERE CEP = '12345-678')),
('89012345679', 'Marcos Pereira', TO_DATE('1992-09-05', 'YYYY-MM-DD'), 'M', REF(SELECT CEP FROM TB_ENDERECO WHERE CEP = '87654-321')),
('90123456790', 'Fernanda Lima', TO_DATE('1984-01-11', 'YYYY-MM-DD'), 'F', REF(SELECT CEP FROM TB_ENDERECO WHERE CEP = '13579-246')),
('01234567801', 'Rafael Silva', TO_DATE('1996-02-22', 'YYYY-MM-DD'), 'M', REF(SELECT CEP FROM TB_ENDERECO WHERE CEP = '54321-987'));


-- Povoamento da tabela de LISTA_DE_CELAS
INSERT INTO TB_LISTA_DE_CELAS (ID, CELULAS) VALUES 
(1, 'Celas 1'),
(2, 'Celas 2'),
(3, 'Celas 3'),
(4, 'Celas 4'),
(5, 'Celas 5'),
(6, 'Celas 6'),
(7, 'Celas 7'),
(8, 'Celas 8'),
(9, 'Celas 9'),
(10, 'Celas 10'),
(11, 'Celas 11'),
(12, 'Celas 12'),
(13, 'Celas 13'),
(14, 'Celas 14'),
(15, 'Celas 15'),
(16, 'Celas 16'),
(17, 'Celas 17'),
(18, 'Celas 18'),
(19, 'Celas 19'),
(20, 'Celas 20');

-- Povoamento da tabela de ALAS
INSERT INTO TB_ALA (ID, DESCRICAO) VALUES 
(1, 'Ala A'),
(2, 'Ala B');


-- Povoamento da tabela de DETENTOS
-- Povoamento da tabela de DETENTOS
INSERT INTO TB_DETENTO (CPF, NOME, DATA_NASC, SEXO, ENDERECO) VALUES 
('98123456789', 'Carlos Silva', TO_DATE('1990-09-01', 'YYYY-MM-DD'), 'M', REF(SELECT CEP FROM TB_ENDERECO WHERE CEP = '12345-678')),
('89123456780', 'Fernanda Souza', TO_DATE('1988-02-14', 'YYYY-MM-DD'), 'F', REF(SELECT CEP FROM TB_ENDERECO WHERE CEP = '87654-321')),
('80123456791', 'João Oliveira', TO_DATE('1995-05-20', 'YYYY-MM-DD'), 'M', REF(SELECT CEP FROM TB_ENDERECO WHERE CEP = '13579-246')),
('71123456782', 'Patrícia Almeida', TO_DATE('1983-11-30', 'YYYY-MM-DD'), 'F', REF(SELECT CEP FROM TB_ENDERECO WHERE CEP = '54321-987')),
('62123456773', 'Lucas Santos', TO_DATE('1992-03-25', 'YYYY-MM-DD'), 'M', REF(SELECT CEP FROM TB_ENDERECO WHERE CEP = '65432-876')),
('53123456764', 'Mariana Costa', TO_DATE('1987-07-19', 'YYYY-MM-DD'), 'F', REF(SELECT CEP FROM TB_ENDERECO WHERE CEP = '98765-432')),
('44123456755', 'Pedro Ferreira', TO_DATE('1991-08-12', 'YYYY-MM-DD'), 'M', REF(SELECT CEP FROM TB_ENDERECO WHERE CEP = '12345-678')),
('35123456746', 'Ana Lima', TO_DATE('1994-06-30', 'YYYY-MM-DD'), 'F', REF(SELECT CEP FROM TB_ENDERECO WHERE CEP = '87654-321')),
('26123456737', 'Gabriel Santos', TO_DATE('1993-12-10', 'YYYY-MM-DD'), 'M', REF(SELECT CEP FROM TB_ENDERECO WHERE CEP = '13579-246')),
('17123456728', 'Juliana Mendes', TO_DATE('1985-01-25', 'YYYY-MM-DD'), 'F', REF(SELECT CEP FROM TB_ENDERECO WHERE CEP = '54321-987')),
('08123456719', 'Lucas Almeida', TO_DATE('1986-11-15', 'YYYY-MM-DD'), 'M', REF(SELECT CEP FROM TB_ENDERECO WHERE CEP = '65432-876')),
('99123456700', 'Carla Silva', TO_DATE('1989-09-22', 'YYYY-MM-DD'), 'F', REF(SELECT CEP FROM TB_ENDERECO WHERE CEP = '98765-432')),
('89123456722', 'Roberto Costa', TO_DATE('1990-04-10', 'YYYY-MM-DD'), 'M', REF(SELECT CEP FROM TB_ENDERECO WHERE CEP = '12345-678')),
('78123456733', 'Sofia Rodrigues', TO_DATE('1995-08-05', 'YYYY-MM-DD'), 'F', REF(SELECT CEP FROM TB_ENDERECO WHERE CEP = '87654-321')),
('67123456744', 'André Lima', TO_DATE('1987-07-30', 'YYYY-MM-DD'), 'M', REF(SELECT CEP FROM TB_ENDERECO WHERE CEP = '13579-246')),
('56123456755', 'Camila Dias', TO_DATE('1992-05-20', 'YYYY-MM-DD'), 'F', REF(SELECT CEP FROM TB_ENDERECO WHERE CEP = '54321-987')),
('45123456766', 'Felipe Nascimento', TO_DATE('1984-03-13', 'YYYY-MM-DD'), 'M', REF(SELECT CEP FROM TB_ENDERECO WHERE CEP = '65432-876')),
('34123456777', 'Tatiane Alves', TO_DATE('1993-06-24', 'YYYY-MM-DD'), 'F', REF(SELECT CEP FROM TB_ENDERECO WHERE CEP = '98765-432')),
('23123456788', 'Thiago Santos', TO_DATE('1982-08-14', 'YYYY-MM-DD'), 'M', REF(SELECT CEP FROM TB_ENDERECO WHERE CEP = '12345-678')),
('12123456799', 'Bianca Ferreira', TO_DATE('1986-01-17', 'YYYY-MM-DD'), 'F', REF(SELECT CEP FROM TB_ENDERECO WHERE CEP = '87654-321')),
('01123456700', 'Hugo Martins', TO_DATE('1991-02-05', 'YYYY-MM-DD'), 'M', REF(SELECT CEP FROM TB_ENDERECO WHERE CEP = '13579-246')),
('92123456711', 'Jéssica Ramos', TO_DATE('1988-05-29', 'YYYY-MM-DD'), 'F', REF(SELECT CEP FROM TB_ENDERECO WHERE CEP = '54321-987')),
('83123456722', 'Eduardo Vieira', TO_DATE('1983-12-31', 'YYYY-MM-DD'), 'M', REF(SELECT CEP FROM TB_ENDERECO WHERE CEP = '65432-876')),
('74123456733', 'Luana Almeida', TO_DATE('1990-07-01', 'YYYY-MM-DD'), 'F', REF(SELECT CEP FROM TB_ENDERECO WHERE CEP = '98765-432')),
('65123456744', 'Ricardo Silva', TO_DATE('1994-04-18', 'YYYY-MM-DD'), 'M', REF(SELECT CEP FROM TB_ENDERECO WHERE CEP = '12345-678')),
('56123456755', 'Tatiane Lima', TO_DATE('1992-09-22', 'YYYY-MM-DD'), 'F', REF(SELECT CEP FROM TB_ENDERECO WHERE CEP = '87654-321')),
('47123456766', 'Alfredo Mendes', TO_DATE('1989-06-15', 'YYYY-MM-DD'), 'M', REF(SELECT CEP FROM TB_ENDERECO WHERE CEP = '13579-246')),
('38123456777', 'Sara Santos', TO_DATE('1986-03-20', 'YYYY-MM-DD'), 'F', REF(SELECT CEP FROM TB_ENDERECO WHERE CEP = '54321-987'));

-- Povoamento da tabela de VISITAS
INSERT INTO TB_VISITA (ID_VISITA, CPF_DETENTO, CPF_VISITANTE, DATA_VISITA) VALUES
(1, '98123456789', '12345678901', TO_DATE('2024-01-15', 'YYYY-MM-DD')),
(2, '98123456789', '98765432100', TO_DATE('2024-01-16', 'YYYY-MM-DD')),
(3, '89123456780', '23456789021', TO_DATE('2024-01-17', 'YYYY-MM-DD')),
(4, '80123456791', '87654321012', TO_DATE('2024-01-18', 'YYYY-MM-DD')),
(5, '71123456782', '34567890132', TO_DATE('2024-01-19', 'YYYY-MM-DD')),
(6, '62123456773', '76543210983', TO_DATE('2024-01-20', 'YYYY-MM-DD')),
(7, '53123456764', '45678901234', TO_DATE('2024-01-21', 'YYYY-MM-DD')),
(8, '44123456755', '65432109876', TO_DATE('2024-01-22', 'YYYY-MM-DD')),
(9, '35123456746', '56789012345', TO_DATE('2024-01-23', 'YYYY-MM-DD')),
(10, '26123456737', '09876543219', TO_DATE('2024-01-24', 'YYYY-MM-DD')),
(11, '17123456728', '44444444444', TO_DATE('2024-01-25', 'YYYY-MM-DD')),
(12, '08123456719', '55555555555', TO_DATE('2024-01-26', 'YYYY-MM-DD')),
(13, '89123456722', '66666666666', TO_DATE('2024-01-27', 'YYYY-MM-DD')),
(14, '78123456733', '77777777777', TO_DATE('2024-01-28', 'YYYY-MM-DD')),
(15, '67123456744', '22222222222', TO_DATE('2024-01-29', 'YYYY-MM-DD'));

-- Povoamento da tabela de CELAS
INSERT INTO TB_CELA (ID, DESCRICAO) VALUES 
(1, 'Cela 1'),
(2, 'Cela 2'),
(3, 'Cela 3'),
(4, 'Cela 4'),
(5, 'Cela 5'),
(6, 'Cela 6'),
(7, 'Cela 7'),
(8, 'Cela 8'),
(9, 'Cela 9'),
(10, 'Cela 10');


-- Povoamento da tabela de POSSUI
INSERT INTO TB_POSSUI (ID_POSSUI, DESCRICAO) VALUES 
(1, 'Alguma coisa');

-- Povoamento da tabela de TIPOS DE CELAS
INSERT INTO TB_TIPO_CELA (TIPO_CELA, DESCRICAO) VALUES 
('Segurança Máxima', 'Cela de segurança máxima'),
('Comum', 'Cela comum'),
('Segurança Média', 'Cela de segurança média'),
('Alojamento', 'Alojamento para detentos'),
('Reclusão Especial', 'Cela para reclusos especiais');

-- Povoamento da tabela de SALAS
INSERT INTO TB_SALA (ID, NOME_SALA) VALUES 
(1, 'Sala 1'),
(2, 'Sala 2'),
(3, 'Sala 3'),
(4, 'Sala 4'),
(5, 'Sala 5'),
(6, 'Sala 6'),
(7, 'Sala 7'),
(8, 'Sala 8'),
(9, 'Sala 9'),
(10, 'Sala 10');


INSERT INTO TB_VISITANTE (CPF, NOME, SEXO) VALUES 
('12345678900', 'Ana Silva', 'F'),
('23456789011', 'Bruno Costa', 'M'),
('34567890122', 'Clara Pereira', 'F'),
('45678901233', 'Daniel Oliveira', 'M'),
('56789012344', 'Eduarda Martins', 'F'),
('67890123455', 'Fernando Souza', 'M'),
('78901234566', 'Gabriela Lima', 'F'),
('89012345677', 'Hugo Almeida', 'M'),
('90123456788', 'Isabela Rocha', 'F'),
('01234567899', 'João Santos', 'M'),
('13579246801', 'Karla Dias', 'F'),
('24681357912', 'Lucas Mendes', 'M'),
('35792468023', 'Mariana Gomes', 'F'),
('46813579234', 'Nicolas Barros', 'M'),
('57924681345', 'Olivia Martins', 'F');


-- Povoamento da tabela de ENTRADAS
INSERT INTO TB_ENTRADA (DATA_HORA, CPF_DETENTO, ID_SALA) VALUES 
(TO_DATE('2024-09-16 10:00:00', 'YYYY-MM-DD HH24:MI:SS'), '44444444444', 1),
(TO_DATE('2024-09-16 11:00:00', 'YYYY-MM-DD HH24:MI:SS'), '55555555555', 2),
(TO_DATE('2024-09-16 12:00:00', 'YYYY-MM-DD HH24:MI:SS'), '98123456789', 1),
(TO_DATE('2024-09-16 13:00:00', 'YYYY-MM-DD HH24:MI:SS'), '89123456780', 3),
(TO_DATE('2024-09-16 14:00:00', 'YYYY-MM-DD HH24:MI:SS'), '80123456791', 1),
(TO_DATE('2024-09-16 15:00:00', 'YYYY-MM-DD HH24:MI:SS'), '71123456782', 2),
(TO_DATE('2024-09-16 16:00:00', 'YYYY-MM-DD HH24:MI:SS'), '62123456773', 1),
(TO_DATE('2024-09-16 17:00:00', 'YYYY-MM-DD HH24:MI:SS'), '53123456764', 2),
(TO_DATE('2024-09-16 18:00:00', 'YYYY-MM-DD HH24:MI:SS'), '44123456755', 3),
(TO_DATE('2024-09-16 19:00:00', 'YYYY-MM-DD HH24:MI:SS'), '35123456746', 1),
(TO_DATE('2024-09-16 20:00:00', 'YYYY-MM-DD HH24:MI:SS'), '26123456737', 2),
(TO_DATE('2024-09-16 21:00:00', 'YYYY-MM-DD HH24:MI:SS'), '17123456728', 1),
(TO_DATE('2024-09-16 22:00:00', 'YYYY-MM-DD HH24:MI:SS'), '08123456719', 2),
(TO_DATE('2024-09-16 23:00:00', 'YYYY-MM-DD HH24:MI:SS'), '99123456700', 3),
(TO_DATE('2024-09-17 08:00:00', 'YYYY-MM-DD HH24:MI:SS'), '44444444444', 1),
(TO_DATE('2024-09-17 09:00:00', 'YYYY-MM-DD HH24:MI:SS'), '55555555555', 2),
(TO_DATE('2024-09-17 10:00:00', 'YYYY-MM-DD HH24:MI:SS'), '98123456789', 3),
(TO_DATE('2024-09-17 11:00:00', 'YYYY-MM-DD HH24:MI:SS'), '89123456780', 1),
(TO_DATE('2024-09-17 12:00:00', 'YYYY-MM-DD HH24:MI:SS'), '80123456791', 2);


-- Povoamento da tabela de LOCAIS
INSERT INTO TB_LOCAL (DATA_HORA, DESCRICAO) VALUES 
(TO_DATE('2024-09-16 10:00:00', 'YYYY-MM-DD HH24:MI:SS'), 'Bloco A'),
(TO_DATE('2024-09-16 11:00:00', 'YYYY-MM-DD HH24:MI:SS'), 'Bloco B'),
(TO_DATE('2024-09-16 12:00:00', 'YYYY-MM-DD HH24:MI:SS'), 'Bloco C'),
(TO_DATE('2024-09-16 13:00:00', 'YYYY-MM-DD HH24:MI:SS'), 'Bloco D'),
(TO_DATE('2024-09-16 14:00:00', 'YYYY-MM-DD HH24:MI:SS'), 'Bloco E'),
(TO_DATE('2024-09-16 15:00:00', 'YYYY-MM-DD HH24:MI:SS'), 'Estacionamento'),
(TO_DATE('2024-09-16 16:00:00', 'YYYY-MM-DD HH24:MI:SS'), 'Entrada Principal'),
(TO_DATE('2024-09-16 17:00:00', 'YYYY-MM-DD HH24:MI:SS'), 'Jardim'),
(TO_DATE('2024-09-16 18:00:00', 'YYYY-MM-DD HH24:MI:SS'), 'Auditório'),
(TO_DATE('2024-09-16 19:00:00', 'YYYY-MM-DD HH24:MI:SS'), 'Biblioteca');


-- Povoamento da tabela de CRIMES
INSERT INTO TB_CRIME (ID_CRIME, DESCRICAO) VALUES 
(1, 'Roubo'),
(2, 'Homicídio'),
(3, 'Furto'),
(4, 'Tráfico de Drogas'),
(5, 'Assalto à Mão Armada'),
(6, 'Estelionato'),
(7, 'Vandalismo'),
(8, 'Agressão Física'),
(9, 'Sequestro'),
(10, 'Fraude Eletrônica');


-- Povoamento da tabela de SENTENÇAS
INSERT INTO TB_SENTENCA (DURACAO, CRIME) VALUES 
(10, REF(SELECT ROWID FROM TB_CRIME WHERE ID_CRIME = 1)),
(20, REF(SELECT ROWID FROM TB_CRIME WHERE ID_CRIME = 2)),
(15, REF(SELECT ROWID FROM TB_CRIME WHERE ID_CRIME = 3)),
(25, REF(SELECT ROWID FROM TB_CRIME WHERE ID_CRIME = 4)),
(30, REF(SELECT ROWID FROM TB_CRIME WHERE ID_CRIME = 5)),
(5, REF(SELECT ROWID FROM TB_CRIME WHERE ID_CRIME = 6)),
(8, REF(SELECT ROWID FROM TB_CRIME WHERE ID_CRIME = 7)),
(12, REF(SELECT ROWID FROM TB_CRIME WHERE ID_CRIME = 8)),
(35, REF(SELECT ROWID FROM TB_CRIME WHERE ID_CRIME = 9)),
(40, REF(SELECT ROWID FROM TB_CRIME WHERE ID_CRIME = 10));

